total_pop,white_pop,black_pop,asian_pop,hispanic_pop,state,county,tract,GEOID
2118.0,709.0,95.0,1021.0,159.0,06,075,010101,06075010101
1783.0,384.0,300.0,814.0,250.0,06,075,010102,06075010102
2499.0,1890.0,201.0,168.0,155.0,06,075,010201,06075010201
1891.0,1440.0,53.0,223.0,1.0,06,075,010202,06075010202
3996.0,2631.0,0.0,1049.0,253.0,06,075,010300,06075010300
2202.0,1187.0,12.0,458.0,401.0,06,075,010401,06075010401
2292.0,1436.0,0.0,486.0,162.0,06,075,010402,06075010402
3430.0,1722.0,162.0,1229.0,138.0,06,075,010500,06075010500
3277.0,1067.0,104.0,1751.0,238.0,06,075,010600,06075010600
3458.0,86.0,0.0,3335.0,32.0,06,075,010701,06075010701
1584.0,448.0,0.0,796.0,203.0,06,075,010702,06075010702
4999.0,2455.0,272.0,1809.0,195.0,06,075,010800,06075010800
1948.0,1232.0,0.0,378.0,255.0,06,075,010901,06075010901
2403.0,1562.0,34.0,448.0,218.0,06,075,010902,06075010902
2628.0,1360.0,23.0,1089.0,156.0,06,075,011001,06075011001
2249.0,1193.0,0.0,863.0,91.0,06,075,011002,06075011002
2528.0,1225.0,42.0,935.0,228.0,06,075,011101,06075011101
2024.0,881.0,142.0,775.0,111.0,06,075,011102,06075011102
3120.0,1796.0,129.0,876.0,168.0,06,075,011200,06075011200
2801.0,365.0,52.0,2224.0,104.0,06,075,011300,06075011300
1800.0,666.0,56.0,723.0,153.0,06,075,011700,06075011700
1658.0,140.0,17.0,1403.0,20.0,06,075,011800,06075011800
2298.0,1077.0,59.0,749.0,266.0,06,075,011901,06075011901
2771.0,1442.0,45.0,918.0,204.0,06,075,011902,06075011902
1834.0,768.0,20.0,410.0,391.0,06,075,012001,06075012001
2202.0,845.0,198.0,641.0,426.0,06,075,012002,06075012002
3846.0,1792.0,158.0,1172.0,479.0,06,075,012100,06075012100
2821.0,1015.0,369.0,817.0,354.0,06,075,012202,06075012202
1834.0,1004.0,174.0,327.0,200.0,06,075,012203,06075012203
2763.0,1130.0,0.0,924.0,619.0,06,075,012204,06075012204
1887.0,555.0,125.0,630.0,508.0,06,075,012301,06075012301
2600.0,1142.0,184.0,680.0,373.0,06,075,012302,06075012302
2591.0,402.0,162.0,1192.0,620.0,06,075,012403,06075012403
2566.0,712.0,281.0,650.0,852.0,06,075,012404,06075012404
3817.0,1352.0,530.0,886.0,628.0,06,075,012405,06075012405
1463.0,460.0,112.0,634.0,172.0,06,075,012406,06075012406
4371.0,747.0,352.0,1287.0,1549.0,06,075,012502,06075012502
3788.0,813.0,193.0,1383.0,1261.0,06,075,012503,06075012503
617.0,82.0,51.0,357.0,127.0,06,075,012504,06075012504
2241.0,1494.0,20.0,322.0,220.0,06,075,012601,06075012601
2977.0,2370.0,0.0,291.0,119.0,06,075,012602,06075012602
4046.0,3129.0,33.0,292.0,345.0,06,075,012700,06075012700
2791.0,2056.0,0.0,192.0,501.0,06,075,012801,06075012801
2012.0,1498.0,4.0,67.0,384.0,06,075,012802,06075012802
2823.0,1920.0,1.0,391.0,337.0,06,075,012901,06075012901
3545.0,2709.0,34.0,345.0,138.0,06,075,012902,06075012902
1758.0,1533.0,0.0,147.0,78.0,06,075,013001,06075013001
2800.0,2062.0,0.0,250.0,193.0,06,075,013002,06075013002
4088.0,2582.0,108.0,1034.0,255.0,06,075,013101,06075013101
2951.0,1873.0,65.0,432.0,353.0,06,075,013102,06075013102
4456.0,2945.0,150.0,936.0,219.0,06,075,013200,06075013200
4483.0,3338.0,23.0,517.0,371.0,06,075,013300,06075013300
1516.0,852.0,4.0,186.0,232.0,06,075,013401,06075013401
2239.0,1827.0,135.0,86.0,129.0,06,075,013402,06075013402
2449.0,1662.0,6.0,371.0,298.0,06,075,013500,06075013500
2817.0,1306.0,88.0,1026.0,250.0,06,075,015100,06075015100
1713.0,971.0,36.0,531.0,117.0,06,075,015201,06075015201
2277.0,1105.0,432.0,433.0,190.0,06,075,015202,06075015202
2206.0,1286.0,215.0,268.0,328.0,06,075,015300,06075015300
3349.0,1584.0,14.0,1202.0,233.0,06,075,015401,06075015401
2643.0,1814.0,0.0,375.0,387.0,06,075,015402,06075015402
3666.0,1511.0,170.0,1083.0,482.0,06,075,015500,06075015500
2923.0,1032.0,128.0,1111.0,439.0,06,075,015600,06075015600
5327.0,2224.0,237.0,1732.0,870.0,06,075,015701,06075015701
3435.0,1885.0,68.0,256.0,252.0,06,075,015702,06075015702
3406.0,1329.0,866.0,779.0,318.0,06,075,015801,06075015801
3589.0,1966.0,297.0,397.0,486.0,06,075,015802,06075015802
4829.0,1574.0,499.0,1716.0,615.0,06,075,015900,06075015900
2498.0,995.0,147.0,703.0,225.0,06,075,016000,06075016000
2295.0,844.0,281.0,855.0,179.0,06,075,016101,06075016101
2555.0,295.0,1279.0,542.0,345.0,06,075,016102,06075016102
3365.0,1710.0,150.0,965.0,336.0,06,075,016200,06075016200
4423.0,2240.0,704.0,411.0,679.0,06,075,016300,06075016300
4262.0,2706.0,248.0,404.0,661.0,06,075,016400,06075016400
5279.0,3343.0,404.0,554.0,652.0,06,075,016500,06075016500
3180.0,2364.0,101.0,279.0,145.0,06,075,016601,06075016601
2498.0,1814.0,236.0,281.0,43.0,06,075,016602,06075016602
5427.0,3925.0,252.0,692.0,333.0,06,075,016700,06075016700
4243.0,2387.0,202.0,773.0,521.0,06,075,016801,06075016801
3709.0,1721.0,401.0,797.0,443.0,06,075,016802,06075016802
3132.0,2035.0,58.0,460.0,341.0,06,075,016900,06075016900
4375.0,3061.0,91.0,542.0,281.0,06,075,017000,06075017000
4249.0,3124.0,91.0,548.0,150.0,06,075,017101,06075017101
3671.0,2601.0,56.0,225.0,574.0,06,075,017102,06075017102
3218.0,767.0,713.0,1433.0,64.0,06,075,017602,06075017602
4509.0,1189.0,254.0,2268.0,598.0,06,075,017603,06075017603
2856.0,432.0,680.0,1120.0,478.0,06,075,017604,06075017604
1989.0,703.0,25.0,391.0,786.0,06,075,017700,06075017700
3636.0,781.0,94.0,2317.0,271.0,06,075,017801,06075017801
2507.0,777.0,29.0,1122.0,413.0,06,075,017803,06075017803
4474.0,1287.0,42.0,1828.0,1206.0,06,075,017804,06075017804
3185.0,1074.0,584.0,289.0,865.0,06,075,017903,06075017903
3772.0,1446.0,317.0,930.0,844.0,06,075,018000,06075018000
3550.0,1351.0,315.0,469.0,1241.0,06,075,020101,06075020101
2941.0,1137.0,277.0,705.0,693.0,06,075,020102,06075020102
2168.0,990.0,104.0,349.0,580.0,06,075,020201,06075020201
4132.0,1904.0,306.0,584.0,837.0,06,075,020202,06075020202
3521.0,2310.0,124.0,378.0,391.0,06,075,020300,06075020300
3303.0,2154.0,106.0,442.0,305.0,06,075,020401,06075020401
4419.0,2687.0,76.0,678.0,635.0,06,075,020402,06075020402
2973.0,2164.0,121.0,354.0,175.0,06,075,020500,06075020500
3132.0,2051.0,105.0,470.0,298.0,06,075,020601,06075020601
2487.0,1793.0,123.0,267.0,154.0,06,075,020602,06075020602
3073.0,1670.0,94.0,453.0,444.0,06,075,020701,06075020701
2228.0,1130.0,25.0,172.0,860.0,06,075,020702,06075020702
3629.0,1186.0,116.0,475.0,1667.0,06,075,020801,06075020801
2604.0,989.0,56.0,602.0,823.0,06,075,020802,06075020802
4402.0,1682.0,93.0,458.0,1881.0,06,075,020900,06075020900
4051.0,2584.0,20.0,582.0,553.0,06,075,021000,06075021000
3960.0,2810.0,12.0,523.0,364.0,06,075,021100,06075021100
3017.0,1922.0,31.0,325.0,360.0,06,075,021200,06075021200
2692.0,1717.0,116.0,314.0,273.0,06,075,021300,06075021300
3641.0,2473.0,0.0,645.0,335.0,06,075,021400,06075021400
5622.0,3096.0,100.0,1102.0,787.0,06,075,021500,06075021500
4189.0,2256.0,194.0,912.0,447.0,06,075,021600,06075021600
4512.0,2359.0,518.0,751.0,338.0,06,075,021700,06075021700
4218.0,2564.0,72.0,444.0,856.0,06,075,021800,06075021800
3570.0,1778.0,135.0,1032.0,377.0,06,075,022600,06075022600
2218.0,1322.0,43.0,394.0,264.0,06,075,022702,06075022702
3565.0,2057.0,70.0,732.0,242.0,06,075,022704,06075022704
5068.0,2012.0,595.0,503.0,1709.0,06,075,022801,06075022801
2384.0,941.0,170.0,463.0,750.0,06,075,022802,06075022802
4903.0,1649.0,116.0,1139.0,1826.0,06,075,022803,06075022803
4573.0,1208.0,24.0,426.0,2776.0,06,075,022901,06075022901
2233.0,861.0,111.0,301.0,845.0,06,075,022902,06075022902
3090.0,1180.0,48.0,311.0,1349.0,06,075,022903,06075022903
5309.0,477.0,643.0,3484.0,565.0,06,075,023001,06075023001
4195.0,385.0,721.0,2230.0,734.0,06,075,023003,06075023003
3707.0,203.0,1670.0,359.0,1134.0,06,075,023102,06075023102
4064.0,0.0,2415.0,240.0,1053.0,06,075,023103,06075023103
3857.0,444.0,1009.0,1219.0,1142.0,06,075,023200,06075023200
3930.0,282.0,540.0,2205.0,847.0,06,075,023300,06075023300
4148.0,344.0,1202.0,1147.0,1182.0,06,075,023400,06075023400
3384.0,1831.0,174.0,390.0,809.0,06,075,025100,06075025100
5505.0,3112.0,28.0,712.0,1320.0,06,075,025200,06075025200
4441.0,1986.0,32.0,670.0,1410.0,06,075,025300,06075025300
3781.0,1973.0,83.0,168.0,1045.0,06,075,025401,06075025401
3522.0,1084.0,177.0,699.0,1456.0,06,075,025402,06075025402
4692.0,1101.0,299.0,1380.0,1730.0,06,075,025403,06075025403
4443.0,792.0,176.0,1604.0,1538.0,06,075,025501,06075025501
4428.0,1193.0,108.0,1638.0,1163.0,06,075,025502,06075025502
5158.0,783.0,27.0,2954.0,1233.0,06,075,025600,06075025600
5424.0,479.0,36.0,3468.0,1384.0,06,075,025701,06075025701
3979.0,552.0,3.0,2391.0,862.0,06,075,025702,06075025702
2153.0,183.0,175.0,1512.0,187.0,06,075,025800,06075025800
4409.0,1016.0,215.0,1910.0,1146.0,06,075,025900,06075025900
6463.0,716.0,76.0,3138.0,2295.0,06,075,026001,06075026001
3660.0,846.0,132.0,1647.0,839.0,06,075,026002,06075026002
5085.0,816.0,2.0,2304.0,1848.0,06,075,026003,06075026003
4107.0,607.0,37.0,1523.0,1748.0,06,075,026004,06075026004
7566.0,475.0,24.0,5160.0,1627.0,06,075,026100,06075026100
3825.0,136.0,38.0,2382.0,1141.0,06,075,026201,06075026201
3839.0,336.0,6.0,2290.0,1123.0,06,075,026202,06075026202
5724.0,687.0,67.0,3262.0,1555.0,06,075,026301,06075026301
5142.0,540.0,205.0,2905.0,1344.0,06,075,026302,06075026302
4818.0,670.0,42.0,2421.0,1574.0,06,075,026303,06075026303
3444.0,194.0,192.0,2372.0,448.0,06,075,026401,06075026401
5056.0,1026.0,338.0,2457.0,932.0,06,075,026402,06075026402
3801.0,189.0,95.0,2544.0,946.0,06,075,026403,06075026403
2760.0,93.0,299.0,1336.0,871.0,06,075,026404,06075026404
5062.0,2587.0,62.0,1603.0,517.0,06,075,030101,06075030101
4731.0,2899.0,101.0,1051.0,365.0,06,075,030102,06075030102
4262.0,1829.0,71.0,1275.0,683.0,06,075,030201,06075030201
4013.0,1981.0,124.0,1223.0,396.0,06,075,030202,06075030202
6074.0,2434.0,93.0,2677.0,393.0,06,075,030301,06075030301
3928.0,1460.0,178.0,1573.0,341.0,06,075,030302,06075030302
5088.0,2130.0,77.0,2240.0,339.0,06,075,030400,06075030400
3676.0,1615.0,349.0,996.0,569.0,06,075,030500,06075030500
2514.0,1204.0,37.0,723.0,223.0,06,075,030600,06075030600
6959.0,3417.0,245.0,2175.0,617.0,06,075,030700,06075030700
6041.0,3817.0,76.0,1594.0,297.0,06,075,030800,06075030800
6767.0,2803.0,67.0,2458.0,649.0,06,075,030900,06075030900
4089.0,1428.0,129.0,1518.0,539.0,06,075,031000,06075031000
6295.0,2580.0,142.0,2116.0,1063.0,06,075,031100,06075031100
6522.0,802.0,212.0,4103.0,1307.0,06,075,031201,06075031201
3239.0,154.0,212.0,2278.0,397.0,06,075,031202,06075031202
3866.0,867.0,420.0,2138.0,274.0,06,075,031301,06075031301
5503.0,741.0,668.0,2944.0,841.0,06,075,031302,06075031302
2378.0,243.0,127.0,1259.0,597.0,06,075,031401,06075031401
4788.0,760.0,500.0,1945.0,1415.0,06,075,031402,06075031402
4874.0,1498.0,165.0,2256.0,613.0,06,075,032601,06075032601
4505.0,1336.0,149.0,2484.0,285.0,06,075,032602,06075032602
6932.0,2737.0,29.0,3162.0,475.0,06,075,032700,06075032700
4042.0,949.0,98.0,2698.0,160.0,06,075,032801,06075032801
4624.0,1276.0,8.0,2739.0,349.0,06,075,032802,06075032802
5360.0,1061.0,12.0,3581.0,197.0,06,075,032901,06075032901
4103.0,870.0,14.0,3034.0,128.0,06,075,032902,06075032902
4200.0,1074.0,81.0,2458.0,437.0,06,075,033001,06075033001
4227.0,1689.0,0.0,1911.0,384.0,06,075,033002,06075033002
3948.0,1229.0,49.0,2107.0,203.0,06,075,033100,06075033100
4262.0,1216.0,445.0,1010.0,1340.0,06,075,033201,06075033201
3320.0,1047.0,155.0,1273.0,573.0,06,075,033203,06075033203
4402.0,1213.0,427.0,1537.0,952.0,06,075,033204,06075033204
4035.0,1626.0,115.0,1235.0,789.0,06,075,035101,06075035101
4760.0,1222.0,51.0,2902.0,33.0,06,075,035102,06075035102
5497.0,1601.0,48.0,3008.0,507.0,06,075,035201,06075035201
4796.0,1744.0,105.0,1694.0,758.0,06,075,035202,06075035202
7537.0,2051.0,8.0,4881.0,523.0,06,075,035300,06075035300
7769.0,2872.0,71.0,2901.0,568.0,06,075,035400,06075035400
4342.0,1909.0,19.0,1378.0,731.0,06,075,040100,06075040100
5460.0,2447.0,70.0,2213.0,439.0,06,075,040200,06075040200
4261.0,1715.0,161.0,1580.0,273.0,06,075,042601,06075042601
2615.0,1200.0,7.0,1104.0,130.0,06,075,042602,06075042602
5361.0,1787.0,316.0,2613.0,365.0,06,075,042700,06075042700
2501.0,1574.0,31.0,535.0,146.0,06,075,042800,06075042800
5209.0,2910.0,34.0,1562.0,377.0,06,075,045100,06075045100
3360.0,1197.0,207.0,1564.0,144.0,06,075,045201,06075045201
3396.0,1545.0,53.0,1308.0,302.0,06,075,045202,06075045202
5145.0,2010.0,9.0,2058.0,302.0,06,075,047600,06075047600
4978.0,1656.0,0.0,2389.0,346.0,06,075,047701,06075047701
3541.0,1622.0,14.0,1576.0,199.0,06,075,047702,06075047702
4550.0,1895.0,50.0,2016.0,195.0,06,075,047801,06075047801
3781.0,1745.0,17.0,1590.0,355.0,06,075,047802,06075047802
3610.0,1514.0,0.0,1318.0,396.0,06,075,047902,06075047902
4283.0,1782.0,36.0,2108.0,223.0,06,075,047903,06075047903
3111.0,1704.0,50.0,608.0,302.0,06,075,047904,06075047904
4231.0,2419.0,75.0,325.0,852.0,06,075,060100,06075060100
1595.0,668.0,91.0,384.0,194.0,06,075,060400,06075060400
3539.0,205.0,689.0,1260.0,926.0,06,075,060502,06075060502
7621.0,2640.0,478.0,3419.0,774.0,06,075,060701,06075060701
1488.0,774.0,0.0,282.0,214.0,06,075,060702,06075060702
5787.0,2261.0,27.0,2237.0,844.0,06,075,060703,06075060703
4825.0,568.0,688.0,3037.0,391.0,06,075,061000,06075061000
1856.0,60.0,15.0,1701.0,14.0,06,075,061101,06075061101
2341.0,125.0,85.0,1900.0,81.0,06,075,061102,06075061102
3952.0,484.0,858.0,1105.0,1500.0,06,075,061200,06075061200
3199.0,1703.0,251.0,463.0,408.0,06,075,061401,06075061401
2537.0,1088.0,123.0,770.0,406.0,06,075,061402,06075061402
1837.0,825.0,0.0,705.0,37.0,06,075,061501,06075061501
1774.0,1395.0,23.0,183.0,113.0,06,075,061502,06075061502
3400.0,1420.0,233.0,1580.0,101.0,06,075,061503,06075061503
1443.0,372.0,6.0,846.0,67.0,06,075,061504,06075061504
776.0,50.0,51.0,640.0,35.0,06,075,061505,06075061505
4422.0,1870.0,62.0,2202.0,238.0,06,075,061506,06075061506
1940.0,766.0,0.0,730.0,444.0,06,075,061507,06075061507
2006.0,1013.0,60.0,818.0,115.0,06,075,061508,06075061508
171.0,66.0,50.0,40.0,12.0,06,075,980200,06075980200
25.0,14.0,0.0,5.0,6.0,06,075,980300,06075980300
0.0,0.0,0.0,0.0,0.0,06,075,980401,06075980401
104.0,0.0,0.0,104.0,0.0,06,075,980501,06075980501
970.0,99.0,286.0,317.0,180.0,06,075,980600,06075980600
296.0,82.0,16.0,169.0,10.0,06,075,980900,06075980900
0.0,0.0,0.0,0.0,0.0,06,075,990100,06075990100
0.0,0.0,0.0,0.0,0.0,06,075,990200,06075990200
